-- phpMyAdmin SQL Dump
-- version 5.0.3
-- https://www.phpmyadmin.net/
--
-- Host: 127.0.0.1
-- Waktu pembuatan: 16 Feb 2021 pada 05.51
-- Versi server: 10.4.14-MariaDB
-- Versi PHP: 7.4.11

SET SQL_MODE = "NO_AUTO_VALUE_ON_ZERO";
START TRANSACTION;
SET time_zone = "+00:00";


/*!40101 SET @OLD_CHARACTER_SET_CLIENT=@@CHARACTER_SET_CLIENT */;
/*!40101 SET @OLD_CHARACTER_SET_RESULTS=@@CHARACTER_SET_RESULTS */;
/*!40101 SET @OLD_COLLATION_CONNECTION=@@COLLATION_CONNECTION */;
/*!40101 SET NAMES utf8mb4 */;

--
-- Database: `izzi_service`
--

-- --------------------------------------------------------

--
-- Struktur dari tabel `bagian_departemen`
--

CREATE TABLE `bagian_departemen` (
  `id_bagian_dept` int(11) NOT NULL,
  `nama_bagian_dept` varchar(30) NOT NULL,
  `id_dept` int(11) NOT NULL
) ENGINE=InnoDB DEFAULT CHARSET=latin1;

--
-- Dumping data untuk tabel `bagian_departemen`
--

INSERT INTO `bagian_departemen` (`id_bagian_dept`, `nama_bagian_dept`, `id_dept`) VALUES
(4, 'PELANGGAN', 1);

-- --------------------------------------------------------

--
-- Struktur dari tabel `departemen`
--

CREATE TABLE `departemen` (
  `id_dept` int(11) NOT NULL,
  `nama_dept` varchar(30) NOT NULL
) ENGINE=InnoDB DEFAULT CHARSET=latin1;

--
-- Dumping data untuk tabel `departemen`
--

INSERT INTO `departemen` (`id_dept`, `nama_dept`) VALUES
(1, 'USER'),
(5, 'ADMIN'),
(12, 'TECHNITION');

-- --------------------------------------------------------

--
-- Struktur dari tabel `history_feedback`
--

CREATE TABLE `history_feedback` (
  `id_feedback` int(11) NOT NULL,
  `id_ticket` varchar(13) NOT NULL,
  `feedback` int(11) NOT NULL,
  `deskripsi` text NOT NULL,
  `reported` varchar(5) NOT NULL
) ENGINE=InnoDB DEFAULT CHARSET=latin1;

--
-- Dumping data untuk tabel `history_feedback`
--

INSERT INTO `history_feedback` (`id_feedback`, `id_ticket`, `feedback`, `deskripsi`, `reported`) VALUES
(1, 'T202007210005', 1, 'ntap', 'K0001'),
(2, 'T202012020011', 1, 'Kerja Bagus', 'K0001'),
(3, 'T202101140017', 1, 'Keren, ac dingin lagi, bersih wangi seperti tanpa kaca', 'ajipe'),
(4, 'T202101150023', 1, 'Mantab gan', '_AJI'),
(5, 'T202101180024', 1, 'Kerja Bagus', 'ajipe');

-- --------------------------------------------------------

--
-- Struktur dari tabel `informasi`
--

CREATE TABLE `informasi` (
  `id_informasi` int(11) NOT NULL,
  `tanggal` datetime NOT NULL,
  `subject` varchar(35) NOT NULL,
  `pesan` text NOT NULL,
  `status` decimal(2,0) NOT NULL,
  `id_user` varchar(5) NOT NULL
) ENGINE=InnoDB DEFAULT CHARSET=latin1;

--
-- Dumping data untuk tabel `informasi`
--

INSERT INTO `informasi` (`id_informasi`, `tanggal`, `subject`, `pesan`, `status`, `id_user`) VALUES
(1, '2016-12-04 09:24:28', 'WAJIB MENGISI FEEDBACK', 'FEEDBACK SANGATLAH PENTING GUNA MEMBANTU KAMI DALAM MEMBERIKAN PENILAIAN TERHADAP KINERJA TEKNISI, INI MENYANGKUT DENGAN KEPUASAN ANDA', '1', 'K0001');

-- --------------------------------------------------------

--
-- Struktur dari tabel `institusi`
--

CREATE TABLE `institusi` (
  `id_institusi` bigint(1) NOT NULL,
  `kode_institusi` varchar(10) NOT NULL,
  `nama_institusi` varchar(200) NOT NULL,
  `nama_penanggungjawab` varchar(100) DEFAULT NULL,
  `notelp_penanggungjawab` varchar(15) DEFAULT NULL,
  `email_penanggungjawab` varchar(100) DEFAULT NULL,
  `kode_kota_institusi` varchar(100) DEFAULT NULL,
  `kecamatan_institusi` varchar(100) DEFAULT NULL,
  `kelurahan_institusi` varchar(100) DEFAULT NULL,
  `alamat_institusi` text DEFAULT NULL,
  `website_institusi` text DEFAULT NULL
) ENGINE=InnoDB DEFAULT CHARSET=latin1;

--
-- Dumping data untuk tabel `institusi`
--

INSERT INTO `institusi` (`id_institusi`, `kode_institusi`, `nama_institusi`, `nama_penanggungjawab`, `notelp_penanggungjawab`, `email_penanggungjawab`, `kode_kota_institusi`, `kecamatan_institusi`, `kelurahan_institusi`, `alamat_institusi`, `website_institusi`) VALUES
(1, '1', 'IZZI SERVICE', 'IMAM RAHMADI', NULL, NULL, NULL, NULL, NULL, NULL, 'izzi-soft.com'),
(2, '2', 'IZZI RT/RW NET', 'SYAHRIFAL ANWAR', NULL, NULL, NULL, NULL, NULL, NULL, 'izzi-soft.com');

-- --------------------------------------------------------

--
-- Struktur dari tabel `izzi_session`
--

CREATE TABLE `izzi_session` (
  `id` varchar(40) NOT NULL,
  `ip_address` varchar(45) NOT NULL,
  `timestamp` int(15) NOT NULL,
  `data` blob NOT NULL
) ENGINE=InnoDB DEFAULT CHARSET=latin1;

--
-- Dumping data untuk tabel `izzi_session`
--

INSERT INTO `izzi_session` (`id`, `ip_address`, `timestamp`, `data`) VALUES
('7e1qefhcd2hsdofp7a9bi1kl09o0l3s2', '::1', 1613358982, 0x5f5f63695f6c6173745f726567656e65726174657c693a313631333335383938323b),
('l72f5amguj3qfp3q88u9r8hfl1hnqo3h', '::1', 1613359501, 0x5f5f63695f6c6173745f726567656e65726174657c693a313631333335393530313b),
('o1jvgmaj9t3na7vgeipk7ibiu47hr12h', '::1', 1613359804, 0x5f5f63695f6c6173745f726567656e65726174657c693a313631333335393830343b),
('uq8dtpmc1a5fe107f9238ic0j4lkmbqj', '::1', 1613360123, 0x5f5f63695f6c6173745f726567656e65726174657c693a313631333336303132333b),
('v3m92li9hohgof51eh1klctf2jb9dv5f', '::1', 1613360435, 0x5f5f63695f6c6173745f726567656e65726174657c693a313631333336303433353b),
('lr7ueo3j2uot7p0uuq9oq22smourlbvk', '::1', 1613360738, 0x5f5f63695f6c6173745f726567656e65726174657c693a313631333336303733383b),
('69jd89eas38vtpho2mlcq9febmrl9gl2', '::1', 1613361056, 0x5f5f63695f6c6173745f726567656e65726174657c693a313631333336313035363b69645f757365727c733a353a2241444d494e223b6e616d617c4e3b6c6576656c7c733a353a2241444d494e223b69645f6a61626174616e7c4e3b69645f646570747c4e3b),
('oh0715eiri65nk54k5hofpkr9hlu0p4d', '::1', 1613361673, 0x5f5f63695f6c6173745f726567656e65726174657c693a313631333336313637333b69645f757365727c733a353a2241444d494e223b6e616d617c4e3b6c6576656c7c733a353a2241444d494e223b69645f6a61626174616e7c4e3b69645f646570747c4e3b),
('cjrlblq708ge80hcltip04h70i0763bt', '::1', 1613362055, 0x5f5f63695f6c6173745f726567656e65726174657c693a313631333336323035353b69645f757365727c733a353a2241444d494e223b6e616d617c4e3b6c6576656c7c733a353a2241444d494e223b69645f6a61626174616e7c4e3b69645f646570747c4e3b),
('4b99skbaab2efqjevn9qmn97mlmllkdh', '::1', 1613362474, 0x5f5f63695f6c6173745f726567656e65726174657c693a313631333336323437343b69645f757365727c733a353a2241444d494e223b6e616d617c4e3b6c6576656c7c733a353a2241444d494e223b69645f6a61626174616e7c4e3b69645f646570747c4e3b),
('vt3ukv87kk8snrh9i17m94pmnk07tl8p', '::1', 1613362799, 0x5f5f63695f6c6173745f726567656e65726174657c693a313631333336323739393b69645f757365727c733a353a2241444d494e223b6e616d617c4e3b6c6576656c7c733a353a2241444d494e223b69645f6a61626174616e7c4e3b69645f646570747c4e3b),
('8b1p88chgg0hglaav52g2a2ftf11uhjo', '::1', 1613366234, 0x5f5f63695f6c6173745f726567656e65726174657c693a313631333336363233333b69645f757365727c733a353a2241444d494e223b6e616d617c4e3b6c6576656c7c733a353a2241444d494e223b69645f6a61626174616e7c4e3b69645f646570747c4e3b),
('27r375120buhkh449qae1tc9832pt17p', '::1', 1613371769, 0x5f5f63695f6c6173745f726567656e65726174657c693a313631333337313736393b69645f757365727c733a353a2241444d494e223b6e616d617c4e3b6c6576656c7c733a353a2241444d494e223b69645f6a61626174616e7c4e3b69645f646570747c4e3b),
('m0ut5j1r7gtiso3i695vs1t0junf4pve', '::1', 1613372283, 0x5f5f63695f6c6173745f726567656e65726174657c693a313631333337323238333b69645f757365727c733a353a2241444d494e223b6e616d617c4e3b6c6576656c7c733a353a2241444d494e223b69645f6a61626174616e7c4e3b69645f646570747c4e3b),
('61ltjfia846keike61kb04jrhoee9t2m', '::1', 1613372695, 0x5f5f63695f6c6173745f726567656e65726174657c693a313631333337323639353b69645f757365727c733a353a2241444d494e223b6e616d617c4e3b6c6576656c7c733a353a2241444d494e223b69645f6a61626174616e7c4e3b69645f646570747c4e3b),
('9i4atr16jl32pg5oiipa6iv6mu8qn2hb', '::1', 1613373061, 0x5f5f63695f6c6173745f726567656e65726174657c693a313631333337333036313b69645f757365727c733a353a2241444d494e223b6e616d617c4e3b6c6576656c7c733a353a2241444d494e223b69645f6a61626174616e7c4e3b69645f646570747c4e3b),
('j3aeq009so4as2u1d88i4jl7hh0oaad2', '::1', 1613373378, 0x5f5f63695f6c6173745f726567656e65726174657c693a313631333337333337383b69645f757365727c733a353a2241444d494e223b6e616d617c4e3b6c6576656c7c733a353a2241444d494e223b69645f6a61626174616e7c4e3b69645f646570747c4e3b),
('s6g3gl14vrbf48m0tmllpbh6vb2qlvup', '::1', 1613373718, 0x5f5f63695f6c6173745f726567656e65726174657c693a313631333337333731383b69645f757365727c733a353a2241444d494e223b6e616d617c4e3b6c6576656c7c733a353a2241444d494e223b69645f6a61626174616e7c4e3b69645f646570747c4e3b),
('7sdsjr0rjn8vgeguagqttluusnpdb17a', '::1', 1613374567, 0x5f5f63695f6c6173745f726567656e65726174657c693a313631333337343536373b69645f757365727c733a353a2241444d494e223b6e616d617c4e3b6c6576656c7c733a353a2241444d494e223b69645f6a61626174616e7c4e3b69645f646570747c4e3b),
('s5gn2cnjmltr3hdqev0a2opuuchilfk2', '::1', 1613375426, 0x5f5f63695f6c6173745f726567656e65726174657c693a313631333337353432363b69645f757365727c733a353a2241444d494e223b6e616d617c4e3b6c6576656c7c733a353a2241444d494e223b69645f6a61626174616e7c4e3b69645f646570747c4e3b),
('nrvi5p6853iavp87iltk103jo3tn5c7j', '::1', 1613375819, 0x5f5f63695f6c6173745f726567656e65726174657c693a313631333337353831393b69645f757365727c733a353a2241444d494e223b6e616d617c4e3b6c6576656c7c733a353a2241444d494e223b69645f6a61626174616e7c4e3b69645f646570747c4e3b),
('u76rc5hgp5cgqe3s9b5tpc7thh5mc1bj', '::1', 1613376129, 0x5f5f63695f6c6173745f726567656e65726174657c693a313631333337363132393b69645f757365727c733a353a2241444d494e223b6e616d617c4e3b6c6576656c7c733a353a2241444d494e223b69645f6a61626174616e7c4e3b69645f646570747c4e3b),
('mqskcqol7rab4p4g1o92mpnmdr3ea28m', '::1', 1613376501, 0x5f5f63695f6c6173745f726567656e65726174657c693a313631333337363530313b69645f757365727c733a353a2241444d494e223b6e616d617c4e3b6c6576656c7c733a353a2241444d494e223b69645f6a61626174616e7c4e3b69645f646570747c4e3b),
('f2qft1pjc4u97kj88aup4khurve7qpth', '::1', 1613376911, 0x5f5f63695f6c6173745f726567656e65726174657c693a313631333337363931313b69645f757365727c733a353a2241444d494e223b6e616d617c4e3b6c6576656c7c733a353a2241444d494e223b69645f6a61626174616e7c4e3b69645f646570747c4e3b),
('2lf0knp1j4m4oshpim4a0suaivufdamm', '::1', 1613377261, 0x5f5f63695f6c6173745f726567656e65726174657c693a313631333337373236313b69645f757365727c733a353a2241444d494e223b6e616d617c4e3b6c6576656c7c733a353a2241444d494e223b69645f6a61626174616e7c4e3b69645f646570747c4e3b),
('g2mkpmveilf946hla35k4ih2bkjt3ghf', '::1', 1613377629, 0x5f5f63695f6c6173745f726567656e65726174657c693a313631333337373632393b69645f757365727c733a353a2241444d494e223b6e616d617c4e3b6c6576656c7c733a353a2241444d494e223b69645f6a61626174616e7c4e3b69645f646570747c4e3b),
('paf6rdslu06ac3upnnbjjkocv6lc14ne', '::1', 1613379378, 0x5f5f63695f6c6173745f726567656e65726174657c693a313631333337393337383b69645f757365727c733a353a2241444d494e223b6e616d617c4e3b6c6576656c7c733a353a2241444d494e223b69645f6a61626174616e7c4e3b69645f646570747c4e3b),
('h306d8cjamm9250irhkucq5g9su2jd9o', '::1', 1613379748, 0x5f5f63695f6c6173745f726567656e65726174657c693a313631333337393734383b69645f757365727c733a353a2241444d494e223b6e616d617c4e3b6c6576656c7c733a353a2241444d494e223b69645f6a61626174616e7c4e3b69645f646570747c4e3b),
('o9sefvsvrujj4nckdqnlk2ck38hg0gno', '::1', 1613382222, 0x5f5f63695f6c6173745f726567656e65726174657c693a313631333338323232323b69645f757365727c733a353a2241444d494e223b6e616d617c4e3b6c6576656c7c733a353a2241444d494e223b69645f6a61626174616e7c4e3b69645f646570747c4e3b),
('9g39tkqf7ldusnbog6ubhojup54n1091', '::1', 1613382701, 0x5f5f63695f6c6173745f726567656e65726174657c693a313631333338323730313b69645f757365727c733a353a2241444d494e223b6e616d617c4e3b6c6576656c7c733a353a2241444d494e223b69645f6a61626174616e7c4e3b69645f646570747c4e3b),
('ffmodgueksaq8ff586j5r24cjju20cg6', '::1', 1613383262, 0x5f5f63695f6c6173745f726567656e65726174657c693a313631333338333236323b69645f757365727c733a353a2241444d494e223b6e616d617c4e3b6c6576656c7c733a353a2241444d494e223b69645f6a61626174616e7c4e3b69645f646570747c4e3b),
('eladq0jia4f3kc8951p3jroeb350dkc7', '::1', 1613383525, 0x5f5f63695f6c6173745f726567656e65726174657c693a313631333338333236323b69645f757365727c733a353a2241444d494e223b6e616d617c4e3b6c6576656c7c733a353a2241444d494e223b69645f6a61626174616e7c4e3b69645f646570747c4e3b),
('1fk7g76d88oshe78k3bhbb9obakqn812', '::1', 1613442316, 0x5f5f63695f6c6173745f726567656e65726174657c693a313631333434323331363b),
('ocs8tq7otrcj6diavrgduii7sadg4nqb', '::1', 1613442665, 0x5f5f63695f6c6173745f726567656e65726174657c693a313631333434323636353b),
('bofbm28nm0hheqtriua752q62kiturra', '::1', 1613443096, 0x5f5f63695f6c6173745f726567656e65726174657c693a313631333434333039363b),
('a0gp6mbaujts4esg66tuer2kqbourt05', '::1', 1613444366, 0x5f5f63695f6c6173745f726567656e65726174657c693a313631333434343336363b),
('lhmgh32cjsqbs0pol4uknlcrlfk4esho', '::1', 1613444854, 0x5f5f63695f6c6173745f726567656e65726174657c693a313631333434343835343b69645f757365727c733a353a2241444d494e223b6e616d617c4e3b6c6576656c7c733a353a2241444d494e223b69645f6a61626174616e7c4e3b69645f646570747c4e3b),
('1r4gsptl6uheakcpj73ckrbn5s4s0vnf', '::1', 1613445174, 0x5f5f63695f6c6173745f726567656e65726174657c693a313631333434353137343b69645f757365727c733a353a2241444d494e223b6e616d617c4e3b6c6576656c7c733a353a2241444d494e223b69645f6a61626174616e7c4e3b69645f646570747c4e3b),
('mlf2mfltem9lebrqid7q8kp6r0ugio41', '::1', 1613446050, 0x5f5f63695f6c6173745f726567656e65726174657c693a313631333434363035303b69645f757365727c733a353a2241444d494e223b6e616d617c4e3b6c6576656c7c733a353a2241444d494e223b69645f6a61626174616e7c4e3b69645f646570747c4e3b),
('b0e5khakjue7cd4jjcsonenlkqefaehi', '::1', 1613446694, 0x5f5f63695f6c6173745f726567656e65726174657c693a313631333434363639343b69645f757365727c733a353a2241444d494e223b6e616d617c4e3b6c6576656c7c733a353a2241444d494e223b69645f6a61626174616e7c4e3b69645f646570747c4e3b),
('m7o2j3rjiv2ilfov8tenj51f0bp86mou', '::1', 1613447453, 0x5f5f63695f6c6173745f726567656e65726174657c693a313631333434373435333b69645f757365727c733a353a2241444d494e223b6e616d617c4e3b6c6576656c7c733a353a2241444d494e223b69645f6a61626174616e7c4e3b69645f646570747c4e3b),
('o1jeada3f75893me8ofodvl8bkbkp30v', '::1', 1613448113, 0x5f5f63695f6c6173745f726567656e65726174657c693a313631333434383131333b69645f757365727c733a353a2241444d494e223b6e616d617c4e3b6c6576656c7c733a353a2241444d494e223b69645f6a61626174616e7c4e3b69645f646570747c4e3b),
('egu48811itduh5fkqkmrhd8mr1on1di3', '::1', 1613449489, 0x5f5f63695f6c6173745f726567656e65726174657c693a313631333434393438393b69645f757365727c733a353a2241444d494e223b6e616d617c4e3b6c6576656c7c733a353a2241444d494e223b69645f6a61626174616e7c4e3b69645f646570747c4e3b),
('jhjc5s3sm6aifogfftjoukss4gm0p9vc', '::1', 1613449886, 0x5f5f63695f6c6173745f726567656e65726174657c693a313631333434393838363b69645f757365727c733a353a2241444d494e223b6e616d617c4e3b6c6576656c7c733a353a2241444d494e223b69645f6a61626174616e7c4e3b69645f646570747c4e3b),
('v24aa4qfeb04cltho7a5r7hbh5849g1f', '::1', 1613449886, 0x5f5f63695f6c6173745f726567656e65726174657c693a313631333434393838363b69645f757365727c733a353a2241444d494e223b6e616d617c4e3b6c6576656c7c733a353a2241444d494e223b69645f6a61626174616e7c4e3b69645f646570747c4e3b);

-- --------------------------------------------------------

--
-- Struktur dari tabel `jabatan`
--

CREATE TABLE `jabatan` (
  `id_jabatan` int(11) NOT NULL,
  `nama_jabatan` varchar(30) NOT NULL
) ENGINE=InnoDB DEFAULT CHARSET=latin1;

--
-- Dumping data untuk tabel `jabatan`
--

INSERT INTO `jabatan` (`id_jabatan`, `nama_jabatan`) VALUES
(1, 'STAFF'),
(2, 'SUPERVISOR'),
(3, 'MANAGER'),
(4, 'DIRECTOR'),
(5, 'PELANGGAN'),
(99, 'SUPER USER');

-- --------------------------------------------------------

--
-- Struktur dari tabel `karyawan`
--

CREATE TABLE `karyawan` (
  `id_karyawan` bigint(1) NOT NULL,
  `nik` varchar(75) NOT NULL,
  `nama` varchar(35) NOT NULL,
  `email` varchar(100) NOT NULL,
  `alamat` text NOT NULL,
  `jk` enum('PRIA','WANITA') NOT NULL,
  `id_bagian_dept` int(11) DEFAULT NULL,
  `id_institusi` bigint(1) DEFAULT NULL,
  `id_jabatan` int(11) DEFAULT NULL
) ENGINE=InnoDB DEFAULT CHARSET=latin1;

--
-- Dumping data untuk tabel `karyawan`
--

INSERT INTO `karyawan` (`id_karyawan`, `nik`, `nama`, `email`, `alamat`, `jk`, `id_bagian_dept`, `id_institusi`, `id_jabatan`) VALUES
(3, 'K0003', 'K0003', 'test@gmail.com', 'JAKARTA', 'WANITA', 5, 6895, 1),
(7, 'C0002', 'KHOFIFAH', 'C0002@gmail.com', 'JAKARTA', 'WANITA', 12, 1, 1),
(20210118094845, 'ajipermana', 'AJI PERMANI', 'ajisajalah1407@gmail.com', 'CIMPAEUN DEPOK', 'PRIA', 1, 2, 5),
(20210118094848, 'C0003', 'AJI', 'ajisajalah1407@gmail.com', 'HUMBERG, GERMANY', 'PRIA', 1, 1, 5),
(20210127105022, 'C0001', 'DANDI ARDIANSYAH', 'dans@gmail.com', 'CIMPAEUN', 'PRIA', 1, 1, 5),
(20210127105027, 'K0004', 'AJI PERMANA', 'ajisajalah1407@gmail.com', 'CIMPAEUN', 'PRIA', 1, 0, 3),
(20210127105028, 'K0005', 'K0005', 'K0005', 'CILODONG', 'PRIA', 1, 0, 3),
(20210127105029, 'K0006', 'FITRIA', 'fitri@gmail.com', 'CILANGKAP', 'WANITA', 1, 0, 1),
(20210127105030, 'C0004', 'ANISA ZAHRA', 'anis@gmail.com', 'CILODONG', 'WANITA', 1, 1, 99),
(20210127105031, 'K0007', 'KUMARDI', 'kum@gmail.com', 'BOJONG GEDE', 'PRIA', 12, 0, 1),
(20210127105039, 'K0009', 'AJI PERMANA', 'ajisajalah1407@gmail.com', 'CIMPAEUN', 'PRIA', 1, 0, 3),
(20210127105044, 'K0010', 'FAJAR MAULANA', 'faj@gmail.com', 'CIMPAEUN', 'PRIA', 5, 1, 1),
(20210127105048, 'T0008', 'FAJAR MAULANA', 'faj@gmail.com', 'CIMPAEUN', 'PRIA', 12, 1, 1),
(20210127105049, 'K0011', 'RISKY ARI PRATAMA', 'pr@gmail.com', 'CIMPAEUN', 'PRIA', 5, 2, 1),
(20210127105052, 'BAYU', 'BAYU', 'AJISAJALAH1407@GMAIL.COM', '', 'PRIA', 1, NULL, 0);

--
-- Trigger `karyawan`
--
DELIMITER $$
CREATE TRIGGER `DELETE KARYAWAN` BEFORE DELETE ON `karyawan` FOR EACH ROW INSERT INTO `log` (`id_log`, `keterangan`, `id_user`, `tanggal`) VALUES (NULL, 'DATA TELAH DIHAPUS' , OLD.nik, now())
$$
DELIMITER ;
DELIMITER $$
CREATE TRIGGER `TAMBAH KARYAWAN` AFTER INSERT ON `karyawan` FOR EACH ROW INSERT INTO `log` (`id_log`, `keterangan`, `id_user`, `tanggal`) VALUES (NULL, 'DATA TELAH DITAMBAHKAN' , new.nik, now())
$$
DELIMITER ;
DELIMITER $$
CREATE TRIGGER `UPDATE KARYAWAN` BEFORE UPDATE ON `karyawan` FOR EACH ROW INSERT INTO `log` (`id_log`, `keterangan`, `id_user`, `tanggal`) VALUES (NULL, 'DATA TELAH DIUPDATE' , OLD.nik, now())
$$
DELIMITER ;

-- --------------------------------------------------------

--
-- Struktur dari tabel `kategori`
--

CREATE TABLE `kategori` (
  `id_kategori` int(11) NOT NULL,
  `nama_kategori` varchar(35) NOT NULL,
  `icon` varchar(100) NOT NULL,
  `desk` varchar(2000) NOT NULL,
  `modal` varchar(90) NOT NULL
) ENGINE=InnoDB DEFAULT CHARSET=latin1;

--
-- Dumping data untuk tabel `kategori`
--

INSERT INTO `kategori` (`id_kategori`, `nama_kategori`, `icon`, `desk`, `modal`) VALUES
(11, 'AC', 'ac.png', 'Menyediakan Jasa Instalasi,Service,Cuci,Beli AC dll.', 'our_blog_ac'),
(12, 'CCTV', 'cctv.png', 'Tersedia Paket Instalasi & Maintanance.', 'our_blog_eye'),
(13, 'KOMPUTER', 'laptop.png', 'Sedia PC,Laptop Baru/Bekas, Service , Upgrade dll.', 'our_blog_elektronik'),
(14, 'FURNITURE', 'furniture.png', 'Tersedia Banyak Pilihan Yang Lengkap & Berkualitas Tinggi.', 'our_blog_furniture'),
(16, 'RENOVASI RUMAH', 'settings.png', 'Jasa Penyedia konstruksi , Mandor , Tukang dll.', 'our_blog_renov'),
(20, 'BANGUN RUMAH', 'settings.png', 'Jasa Penyedia konstruksi , Mandor , Tukang dll.', 'our_blog_bangun');

-- --------------------------------------------------------

--
-- Struktur dari tabel `kondisi`
--

CREATE TABLE `kondisi` (
  `id_kondisi` int(11) NOT NULL,
  `nama_kondisi` varchar(30) NOT NULL,
  `waktu_respon` decimal(10,0) NOT NULL
) ENGINE=InnoDB DEFAULT CHARSET=latin1;

--
-- Dumping data untuk tabel `kondisi`
--

INSERT INTO `kondisi` (`id_kondisi`, `nama_kondisi`, `waktu_respon`) VALUES
(1, 'HIGH', '1'),
(2, 'MEDIUM', '2'),
(3, 'LOW', '3');

-- --------------------------------------------------------

--
-- Struktur dari tabel `log`
--

CREATE TABLE `log` (
  `id_log` bigint(1) NOT NULL,
  `keterangan` text NOT NULL,
  `id_user` varchar(10) NOT NULL,
  `tanggal` datetime NOT NULL
) ENGINE=InnoDB DEFAULT CHARSET=latin1;

--
-- Dumping data untuk tabel `log`
--

INSERT INTO `log` (`id_log`, `keterangan`, `id_user`, `tanggal`) VALUES
(3, 'DATA TELAH DIHAPUS', 'K0004', '2020-07-21 09:38:20'),
(4, 'DATA USER TELAH DI HAPUS', 'K0004', '2020-07-21 09:38:20'),
(5, 'DATA TELAH DIHAPUS', 'K0005', '2020-07-21 09:38:39'),
(6, 'DATA USER TELAH DI HAPUS', 'K0005', '2020-07-21 09:38:39'),
(7, 'DATA TELAH DITAMBAHKAN', 'C0002', '2020-07-21 22:22:05'),
(8, 'DATA USER TELAH DI UPDATE', '19', '2020-07-24 14:39:11'),
(9, 'DATA TELAH DIUPDATE', 'C0001', '2020-07-24 14:39:23'),
(10, 'DATA TELAH DIUPDATE', 'C0001', '2020-07-24 14:57:19'),
(11, 'DATA USER TELAH DI HAPUS', 'Aji Perman', '2021-01-11 10:48:45'),
(12, 'DATA USER TELAH DI UPDATE', '24', '2021-01-11 10:53:02'),
(13, 'DATA USER TELAH DI HAPUS', 'ajipermana', '2021-01-14 11:21:58'),
(14, 'DATA USER TELAH DI HAPUS', 'permana', '2021-01-14 11:22:00'),
(15, 'DATA USER TELAH DI HAPUS', 'ajipermana', '2021-01-14 11:23:00'),
(16, 'DATA USER TELAH DI HAPUS', 'ajipermana', '2021-01-14 11:25:51'),
(17, 'DATA USER TELAH DI HAPUS', 'ajipermana', '2021-01-14 11:26:47'),
(18, 'DATA USER TELAH DI HAPUS', 'ajipermana', '2021-01-14 11:27:53'),
(19, 'DATA USER TELAH DI HAPUS', 'ajipermana', '2021-01-14 11:29:00'),
(20, 'DATA TELAH DITAMBAHKAN', 'ajipe', '2021-01-14 11:29:03'),
(21, 'DATA USER TELAH DI HAPUS', 'ajipermana', '2021-01-14 11:31:01'),
(22, 'DATA TELAH DIHAPUS', 'ajipe', '2021-01-14 11:31:05'),
(23, 'DATA TELAH DITAMBAHKAN', 'ajipe', '2021-01-14 11:31:25'),
(24, 'DATA TELAH DIUPDATE', 'ajipe', '2021-01-14 11:32:29'),
(25, 'DATA TELAH DIUPDATE', 'ajipe', '2021-01-14 11:33:11'),
(26, 'DATA USER TELAH DI UPDATE', '2147483647', '2021-01-14 16:03:04'),
(27, 'DATA USER TELAH DI UPDATE', '2147483647', '2021-01-14 16:03:46'),
(28, 'DATA USER TELAH DI HAPUS', 'ajipermana', '2021-01-14 16:04:19'),
(29, 'DATA TELAH DITAMBAHKAN', 'ajipermana', '2021-01-14 16:05:18'),
(30, 'DATA USER TELAH DI HAPUS', 'ajipermana', '2021-01-14 16:07:18'),
(31, 'DATA TELAH DITAMBAHKAN', 'AJI_', '2021-01-14 16:08:31'),
(32, 'DATA USER TELAH DI HAPUS', 'AJI_', '2021-01-15 15:51:41'),
(33, 'DATA TELAH DITAMBAHKAN', '_AJI', '2021-01-15 15:52:16'),
(35, 'DATA TELAH DIHAPUS', '_AJI', '2021-01-15 16:48:08'),
(36, 'DATA USER TELAH DI HAPUS', '_AJI', '2021-01-15 16:48:08'),
(37, 'DATA TELAH DITAMBAHKAN', '_AJI', '2021-01-15 16:50:05'),
(38, 'DATA USER TELAH DI UPDATE', '2147483647', '2021-01-15 16:52:05'),
(39, 'DATA USER TELAH DI UPDATE', '2147483647', '2021-01-15 16:53:00'),
(40, 'DATA USER TELAH DI HAPUS', '_AJI', '2021-01-15 16:53:25'),
(41, 'DATA TELAH DITAMBAHKAN', '_AJI', '2021-01-15 16:57:04'),
(42, 'DATA USER TELAH DI HAPUS', '_AJI', '2021-01-15 16:57:57'),
(43, 'DATA TELAH DITAMBAHKAN', 'aji', '2021-01-15 16:58:35'),
(44, 'DATA USER TELAH DI HAPUS', 'aji', '2021-01-18 09:45:03'),
(45, 'DATA TELAH DITAMBAHKAN', '_AJI', '2021-01-18 09:45:31'),
(46, 'DATA USER TELAH DI HAPUS', '_AJI', '2021-01-18 09:46:23'),
(47, 'DATA TELAH DITAMBAHKAN', '_AJI', '2021-01-18 09:46:58'),
(48, 'DATA TELAH DIHAPUS', 'ajipermana', '2021-01-18 09:47:41'),
(49, 'DATA TELAH DIHAPUS', 'ajipermana', '2021-01-18 09:47:41'),
(50, 'DATA TELAH DIHAPUS', 'AJI_', '2021-01-18 09:47:41'),
(51, 'DATA TELAH DIHAPUS', '_AJI', '2021-01-18 09:47:41'),
(52, 'DATA TELAH DIHAPUS', '_AJI', '2021-01-18 09:47:41'),
(53, 'DATA TELAH DIHAPUS', 'aji', '2021-01-18 09:47:41'),
(54, 'DATA TELAH DIHAPUS', '_AJI', '2021-01-18 09:47:42'),
(55, 'DATA TELAH DIHAPUS', '_AJI', '2021-01-18 09:47:42'),
(56, 'DATA USER TELAH DI HAPUS', '_AJI', '2021-01-18 09:47:55'),
(57, 'DATA TELAH DITAMBAHKAN', 'ajipermana', '2021-01-18 09:48:45'),
(60, 'DATA USER TELAH DI HAPUS', 'SUPERUSER', '2021-01-18 13:47:47'),
(61, 'DATA USER TELAH DI UPDATE', '1', '2021-01-19 09:53:41'),
(62, 'DATA TELAH DITAMBAHKAN', 'C0003', '2021-01-26 15:09:05'),
(63, 'DATA TELAH DITAMBAHKAN', 'test', '2021-01-27 10:50:15'),
(64, 'DATA USER TELAH DI UPDATE', '1', '2021-02-01 11:24:53'),
(65, 'DATA TELAH DITAMBAHKAN', 'K0001', '2021-02-01 11:26:55'),
(66, 'DATA TELAH DITAMBAHKAN', 'K0001', '2021-02-01 11:42:54'),
(67, 'DATA TELAH DIHAPUS', 'K0001', '2021-02-01 11:48:31'),
(68, 'DATA TELAH DIHAPUS', 'K0001', '2021-02-01 11:48:31'),
(69, 'DATA TELAH DIHAPUS', 'K0001', '2021-02-01 11:48:31'),
(70, 'DATA USER TELAH DI HAPUS', 'K0001', '2021-02-01 11:48:31'),
(71, 'DATA USER TELAH DI HAPUS', 'K0001', '2021-02-01 11:48:31'),
(72, 'DATA USER TELAH DI HAPUS', 'K0001', '2021-02-01 11:48:31'),
(73, 'DATA TELAH DITAMBAHKAN', 'K0001', '2021-02-01 11:49:08'),
(74, 'DATA TELAH DIHAPUS', 'K0001', '2021-02-01 11:57:20'),
(75, 'DATA USER TELAH DI HAPUS', 'K0001', '2021-02-01 11:57:20'),
(76, 'DATA USER TELAH DI UPDATE', '2021012710', '2021-02-01 13:25:41'),
(77, 'DATA USER TELAH DI UPDATE', '2021012710', '2021-02-01 13:26:02'),
(78, 'DATA USER TELAH DI UPDATE', '2021012710', '2021-02-01 13:26:42'),
(80, 'DATA TELAH DITAMBAHKAN', 'K0001', '2021-02-02 10:09:43'),
(81, 'DATA TELAH DITAMBAHKAN', 'C0001', '2021-02-02 10:14:57'),
(82, 'DATA TELAH DIHAPUS', 'C0001', '2021-02-02 10:15:15'),
(83, 'DATA TELAH DIHAPUS', 'C0001', '2021-02-02 10:15:15'),
(84, 'DATA USER TELAH DI HAPUS', 'C0001', '2021-02-02 10:15:15'),
(85, 'DATA USER TELAH DI HAPUS', 'C0001', '2021-02-02 10:15:15'),
(86, 'DATA TELAH DIUPDATE', 'C0003', '2021-02-02 10:16:04'),
(87, 'DATA TELAH DITAMBAHKAN', 'C0001', '2021-02-02 10:36:57'),
(88, 'DATA TELAH DITAMBAHKAN', 'K0001', '2021-02-02 11:28:06'),
(89, 'DATA TELAH DIHAPUS', 'test', '2021-02-02 11:30:59'),
(90, 'DATA USER TELAH DI HAPUS', 'test', '2021-02-02 11:30:59'),
(91, 'DATA USER TELAH DI HAPUS', 'TEST', '2021-02-02 11:30:59'),
(92, 'DATA TELAH DIHAPUS', 'K0001', '2021-02-02 11:31:04'),
(93, 'DATA TELAH DIHAPUS', 'K0001', '2021-02-02 11:31:04'),
(94, 'DATA USER TELAH DI HAPUS', 'K0001', '2021-02-02 11:31:04'),
(95, 'DATA USER TELAH DI HAPUS', 'K0001', '2021-02-02 11:31:04'),
(96, 'DATA USER TELAH DI HAPUS', 'K0001', '2021-02-02 11:31:04'),
(97, 'DATA TELAH DITAMBAHKAN', 'K0004', '2021-02-02 11:31:32'),
(98, 'DATA TELAH DITAMBAHKAN', 'K0005', '2021-02-02 11:55:31'),
(99, 'DATA TELAH DITAMBAHKAN', 'K0006', '2021-02-02 12:03:11'),
(100, 'DATA TELAH DIHAPUS', 'K0006', '2021-02-02 12:04:58'),
(101, 'DATA USER TELAH DI HAPUS', 'K0006', '2021-02-02 12:04:58'),
(102, 'DATA TELAH DIHAPUS', 'K0005', '2021-02-02 12:05:01'),
(103, 'DATA USER TELAH DI HAPUS', 'K0005', '2021-02-02 12:05:01'),
(104, 'DATA TELAH DIHAPUS', 'K0004', '2021-02-02 12:05:04'),
(105, 'DATA USER TELAH DI HAPUS', 'K0004', '2021-02-02 12:05:04'),
(106, 'DATA TELAH DITAMBAHKAN', 'K0004', '2021-02-02 12:05:28'),
(107, 'DATA USER TELAH DI UPDATE', '2021012710', '2021-02-02 12:17:34'),
(108, 'DATA USER TELAH DI UPDATE', '2021012710', '2021-02-02 12:17:39'),
(109, 'DATA USER TELAH DI UPDATE', '2021012710', '2021-02-02 12:18:29'),
(110, 'DATA TELAH DITAMBAHKAN', 'K0005', '2021-02-02 12:21:22'),
(111, 'DATA USER TELAH DI HAPUS', 'K0001', '2021-02-02 14:29:05'),
(112, 'DATA TELAH DITAMBAHKAN', 'K0006', '2021-02-02 15:30:28'),
(113, 'DATA TELAH DITAMBAHKAN', 'C0004', '2021-02-02 15:32:31'),
(114, 'DATA TELAH DIUPDATE', 'K0003', '2021-02-03 11:16:44'),
(115, 'DATA TELAH DITAMBAHKAN', 'K0007', '2021-02-03 11:25:47'),
(116, 'DATA TELAH DITAMBAHKAN', 'T0008', '2021-02-03 11:44:20'),
(117, 'DATA TELAH DIHAPUS', 'T0008', '2021-02-03 11:44:55'),
(118, 'DATA USER TELAH DI HAPUS', 'T0008', '2021-02-03 11:44:56'),
(121, 'DATA TELAH DITAMBAHKAN', 'K0008', '2021-02-03 11:59:57'),
(122, 'DATA USER TELAH DI UPDATE', '1', '2021-02-03 12:02:02'),
(123, 'DATA USER TELAH DI UPDATE', '1', '2021-02-03 12:02:13'),
(124, 'DATA USER TELAH DI HAPUS', 'K0001', '2021-02-03 12:09:16'),
(125, 'DATA TELAH DITAMBAHKAN', 'K0001', '2021-02-03 12:12:19'),
(126, 'DATA TELAH DITAMBAHKAN', 'K0001', '2021-02-03 12:12:28'),
(127, 'DATA TELAH DIHAPUS', 'K0001', '2021-02-03 12:13:18'),
(128, 'DATA TELAH DIHAPUS', 'K0001', '2021-02-03 12:13:18'),
(129, 'DATA USER TELAH DI HAPUS', 'K0001', '2021-02-03 12:13:18'),
(130, 'DATA USER TELAH DI HAPUS', 'K0001', '2021-02-03 12:13:18'),
(131, 'DATA USER TELAH DI HAPUS', 'K0001', '2021-02-03 12:13:18'),
(132, 'DATA USER TELAH DI HAPUS', 'K0001', '2021-02-03 12:13:18'),
(133, 'DATA TELAH DITAMBAHKAN', 'K0001', '2021-02-03 12:13:43'),
(134, 'DATA TELAH DIHAPUS', 'K0001', '2021-02-03 12:14:57'),
(135, 'DATA USER TELAH DI HAPUS', 'K0001', '2021-02-03 12:14:57'),
(136, 'DATA TELAH DITAMBAHKAN', 'K0009', '2021-02-03 12:15:06'),
(137, 'DATA TELAH DITAMBAHKAN', 'K0010', '2021-02-03 12:15:26'),
(138, 'DATA TELAH DIHAPUS', 'K0010', '2021-02-03 12:15:46'),
(139, 'DATA USER TELAH DI HAPUS', 'K0010', '2021-02-03 12:15:46'),
(140, 'DATA TELAH DITAMBAHKAN', 'K0010', '2021-02-03 14:24:49'),
(141, 'DATA TELAH DIUPDATE', 'K0010', '2021-02-03 14:27:52'),
(142, 'DATA TELAH DIUPDATE', 'K0009', '2021-02-03 14:28:23'),
(143, 'DATA TELAH DIUPDATE', 'K0010', '2021-02-03 14:29:54'),
(144, 'DATA TELAH DIUPDATE', 'K0009', '2021-02-03 14:30:11'),
(145, 'DATA TELAH DIHAPUS', 'K0010', '2021-02-03 14:31:21'),
(146, 'DATA USER TELAH DI HAPUS', 'K0010', '2021-02-03 14:31:21'),
(147, 'DATA TELAH DIUPDATE', 'K0008', '2021-02-03 14:31:37'),
(148, 'DATA TELAH DIHAPUS', 'K0008', '2021-02-03 14:31:49'),
(149, 'DATA USER TELAH DI HAPUS', 'K0008', '2021-02-03 14:31:49'),
(150, 'DATA USER TELAH DI UPDATE', '1', '2021-02-03 14:47:39'),
(151, 'DATA USER TELAH DI UPDATE', '1', '2021-02-03 14:47:55'),
(152, 'DATA TELAH DIUPDATE', 'C0002', '2021-02-04 16:24:15'),
(153, 'DATA TELAH DIUPDATE', 'C0002', '2021-02-04 16:24:59'),
(154, 'DATA TELAH DIUPDATE', 'C0002', '2021-02-04 16:25:55'),
(155, 'DATA TELAH DIUPDATE', 'C0002', '2021-02-04 16:27:07'),
(156, 'DATA TELAH DIUPDATE', 'C0002', '2021-02-04 16:27:19'),
(157, 'DATA TELAH DIUPDATE', 'C0002', '2021-02-04 16:32:33'),
(158, 'DATA TELAH DIUPDATE', 'C0002', '2021-02-04 16:46:05'),
(159, 'DATA USER TELAH DI UPDATE', '22', '2021-02-05 15:13:10'),
(160, 'DATA USER TELAH DI UPDATE', '22', '2021-02-05 15:13:25'),
(161, 'DATA USER TELAH DI UPDATE', '22', '2021-02-05 15:14:00'),
(162, 'DATA USER TELAH DI UPDATE', '22', '2021-02-05 15:20:27'),
(163, 'DATA TELAH DIUPDATE', 'C0002', '2021-02-05 15:20:51'),
(164, 'DATA USER TELAH DI UPDATE', '22', '2021-02-05 15:21:04'),
(165, 'DATA USER TELAH DI UPDATE', '22', '2021-02-05 15:21:17'),
(166, 'DATA TELAH DIUPDATE', 'C0002', '2021-02-05 16:12:13'),
(167, 'DATA USER TELAH DI UPDATE', '22', '2021-02-05 16:39:52'),
(168, 'DATA USER TELAH DI HAPUS', '', '2021-02-05 16:46:53'),
(169, 'DATA TELAH DIUPDATE', 'C0004', '2021-02-05 22:22:36'),
(170, 'DATA TELAH DIUPDATE', 'ajipermana', '2021-02-06 20:45:37'),
(171, 'DATA TELAH DIUPDATE', 'ajipermana', '2021-02-06 20:45:48'),
(172, 'DATA TELAH DIUPDATE', 'ajipermana', '2021-02-06 20:48:50'),
(174, 'DATA TELAH DIUPDATE', 'ajipermana', '2021-02-08 09:11:29'),
(176, 'DATA TELAH DITAMBAHKAN', 'K0010', '2021-02-08 09:12:32'),
(177, 'DATA TELAH DITAMBAHKAN', 'C0005', '2021-02-08 09:13:27'),
(178, 'DATA TELAH DIHAPUS', 'C0005', '2021-02-08 09:18:30'),
(179, 'DATA USER TELAH DI HAPUS', 'C0005', '2021-02-08 09:18:30'),
(182, 'DATA TELAH DITAMBAHKAN', 'T0008', '2021-02-08 09:27:49'),
(183, 'DATA TELAH DIUPDATE', 'ajipermana', '2021-02-08 09:29:13'),
(184, 'DATA TELAH DITAMBAHKAN', 'K0011', '2021-02-08 10:15:59'),
(185, 'DATA USER TELAH DI UPDATE', '2147483647', '2021-02-08 15:26:48'),
(186, 'DATA USER TELAH DI UPDATE', '2147483647', '2021-02-08 15:27:18'),
(187, 'DATA USER TELAH DI UPDATE', '2147483647', '2021-02-08 15:28:14'),
(188, 'DATA TELAH DIUPDATE', 'ajipermana', '2021-02-08 15:28:14'),
(189, 'DATA USER TELAH DI UPDATE', '2147483647', '2021-02-08 15:28:43'),
(190, 'DATA TELAH DIUPDATE', 'ajipermana', '2021-02-08 15:28:43'),
(191, 'DATA USER TELAH DI HAPUS', 'C0001', '2021-02-08 15:29:00'),
(192, 'DATA TELAH DITAMBAHKAN', 'BAYU', '2021-02-08 15:38:24'),
(193, 'DATA TELAH DITAMBAHKAN', 'ASDASDASD3', '2021-02-08 15:39:57'),
(194, 'DATA USER TELAH DI HAPUS', '22434234', '2021-02-08 15:40:57'),
(195, 'DATA USER TELAH DI HAPUS', 'ASDASDASD3', '2021-02-08 15:41:00'),
(196, 'DATA TELAH DIHAPUS', 'ASDASDASD3', '2021-02-08 15:41:17'),
(197, 'DATA TELAH DIHAPUS', 'BAYU', '2021-02-08 15:41:23'),
(198, 'DATA TELAH DITAMBAHKAN', 'BAYU', '2021-02-08 15:41:40'),
(199, 'DATA USER TELAH DI HAPUS', 'BAYU', '2021-02-08 15:42:11');

-- --------------------------------------------------------

--
-- Struktur dari tabel `session`
--

CREATE TABLE `session` (
  `id` varchar(40) NOT NULL,
  `ip_address` varchar(45) NOT NULL,
  `timestamp` int(15) NOT NULL,
  `data` blob NOT NULL
) ENGINE=InnoDB DEFAULT CHARSET=latin1;

-- --------------------------------------------------------

--
-- Struktur dari tabel `sub_kategori`
--

CREATE TABLE `sub_kategori` (
  `id_sub_kategori` int(11) NOT NULL,
  `nama_sub_kategori` varchar(35) NOT NULL,
  `id_kategori` int(11) NOT NULL
) ENGINE=InnoDB DEFAULT CHARSET=latin1;

--
-- Dumping data untuk tabel `sub_kategori`
--

INSERT INTO `sub_kategori` (`id_sub_kategori`, `nama_sub_kategori`, `id_kategori`) VALUES
(8, 'CUCI AC', 11),
(9, 'INSTALLASI', 12),
(10, 'SERVICE TV', 11),
(11, 'INTALLASI AC', 11),
(12, 'SERVICE MESIN CUCI', 13),
(13, 'SERVICE KOMPUTER', 13),
(14, 'SERVICE LAPTOP', 13),
(15, 'SERVICE AC', 11);

-- --------------------------------------------------------

--
-- Struktur dari tabel `teknisi`
--

CREATE TABLE `teknisi` (
  `id_teknisi` varchar(5) NOT NULL,
  `nik` varchar(5) NOT NULL,
  `id_kategori` int(11) NOT NULL,
  `status` varchar(20) NOT NULL,
  `point` decimal(2,0) NOT NULL
) ENGINE=InnoDB DEFAULT CHARSET=latin1;

--
-- Dumping data untuk tabel `teknisi`
--

INSERT INTO `teknisi` (`id_teknisi`, `nik`, `id_kategori`, `status`, `point`) VALUES
('T0001', 'K0003', 11, '', '3'),
('T0002', 'K0003', 12, '', '1'),
('T0003', 'C0001', 14, '', '0'),
('T0004', 'C0002', 12, '', '0'),
('T0008', 'T0008', 20, '', '0');

-- --------------------------------------------------------

--
-- Struktur dari tabel `ticket`
--

CREATE TABLE `ticket` (
  `id_ticket` varchar(13) NOT NULL,
  `tanggal` datetime NOT NULL,
  `tanggal_proses` datetime DEFAULT NULL,
  `tanggal_solved` datetime DEFAULT NULL,
  `reported` varchar(75) NOT NULL,
  `id_sub_kategori` int(11) NOT NULL,
  `problem_summary` varchar(50) NOT NULL,
  `problem_detail` text NOT NULL,
  `id_teknisi` varchar(5) NOT NULL,
  `status` int(11) NOT NULL,
  `id_kondisi` int(5) NOT NULL,
  `progress` decimal(10,0) NOT NULL,
  `userfile` varchar(255) NOT NULL
) ENGINE=InnoDB DEFAULT CHARSET=latin1;

--
-- Dumping data untuk tabel `ticket`
--

INSERT INTO `ticket` (`id_ticket`, `tanggal`, `tanggal_proses`, `tanggal_solved`, `reported`, `id_sub_kategori`, `problem_summary`, `problem_detail`, `id_teknisi`, `status`, `id_kondisi`, `progress`, `userfile`) VALUES
('T202007210001', '2020-07-21 22:58:21', NULL, NULL, 'K0001', 3, 'TEST', 'KJHKJH', '', 2, 1, '0', 'K0001/'),
('T202007210002', '2020-07-21 23:01:45', NULL, NULL, 'K0001', 6, 'TEST', 'ASDASDASD', '', 2, 1, '0', 'K0001/'),
('T202007210003', '2020-07-21 23:03:30', '2020-07-22 21:43:13', NULL, 'K0001', 6, 'TEST', 'TEST', 'T0002', 4, 1, '50', 'K0001/bdc0c813610b3befd9efcac2b3190cb2.png'),
('T202007210004', '2020-07-21 23:12:22', '2021-01-14 15:54:48', NULL, 'SUPER', 6, 'S', 'S', 'T0002', 4, 2, '0', 'SUPERUSER/'),
('T202007210005', '2020-07-21 23:12:47', '2020-07-22 21:43:12', '2020-07-22 23:47:09', 'K0001', 5, 'SDASD', 'S', 'T0001', 6, 1, '100', 'K0001/'),
('T202007230006', '2020-07-23 02:34:55', '2021-01-14 11:45:41', NULL, 'K0001', 2, 'TEST', '', 'T0001', 4, 2, '0', ''),
('T202007240007', '2020-07-24 14:45:34', NULL, NULL, 'C0001', 6, 'TEST', 'TEST', '', 2, 1, '0', ''),
('T202007240008', '2020-07-24 14:49:10', NULL, NULL, 'C0001', 6, 'TOLONG DI CEK SYSTEMNYA', 'SDASDASDASASDASDASDASDSDASDASDASASDASDASDASDSDASDASDASASDASDASDASDSDASDASDASASDASDASDASDSDASDASDASASDASDASDASDSDASDASDASASDASDASDASDSDASDASDASASDASDASDASDSDASDASDASASDASDASDASDSDASDASDASASDASDASDASDSDASDASDASASDASDASDASDSDASDASDASASDASDASDASDSDASDASDASASDASDASDASDSDASDASDASASDASDASDASDSDASDASDASASDASDASDASDSDASDASDASASDASDASDASDSDASDASDASASDASDASDASDSDASDASDASASDASDASDASDSDASDASDASASDASDASDASDSDASDASDASASDASDASDASDSDASDASDASASDASDASDASDSDASDASDASASDASDASDASD', '', 2, 1, '0', ''),
('T202007240009', '2020-07-24 14:51:03', NULL, NULL, 'C0001', 7, 'TEST', 'SDSFDFSDFSDFSDFSDFSDSDFFSDWTGEEWTGSDSETRFSDG', 'T0003', 3, 1, '0', ''),
('T202007240010', '2020-07-24 14:57:31', NULL, NULL, 'C0001', 6, 'ASDASDASDASDASD', 'ASDASDASDASDASDASDASASDSASDDASDASDASDASDASDASDASDASASDSASDDASDASDASDASDASDASDASDASASDSASDDASDASDASDASDASDASDASDASASDSASDDASDASDASDASDASDASDASDASASDSASDDASDASDASDASDASDASDASDASASDSASDDASDASDASDASDASDASDASDASASDSASDDASDASDASDASDASDASDASDASASDSASDDASDASDASDASDASDASDASDASASDSASDDASDASDASDASDASDASDASDASASDSASDDASDASDASDASDASDASDASDASASDSASDDASDASDASDASDASDASDASDASASDSASDDASDASDASDASDASDASDASDASASDSASDDASDASDASDASDASDASDASDASASDSASDDASDASDASDASDASDASDASDASASDSASDDASDASDASDASDASDASDASDASASDSASDDASDASDASDASDASDASDASDASASDSASDDASDASDASDASDASDASDASDASASDSASDDASD', '', 2, 1, '0', ''),
('T202012020011', '2020-12-02 11:11:34', '2020-12-02 11:14:33', '2021-01-06 15:04:22', 'K0001', 8, 'AC SAYA KOTOR', 'TOLONG BERSIHKAN', 'T0001', 6, 1, '100', ''),
('T202012020012', '2020-12-02 14:42:10', NULL, NULL, 'C0001', 8, 'CUCI AC', 'AC SAYA SANGAT KOTOR, SUDAH 2 BULAN BELUM DI BERSIHIN', '', 2, 1, '0', ''),
('T202101060013', '2021-01-06 15:02:36', '2021-01-06 15:04:11', NULL, 'C0001', 8, 'AC MULAI TIDAK DINGIN', 'SDASDLASDJLAKSDJALKSDJ', 'T0001', 4, 1, '75', 'C0001/4d616ca69959eb229ab96085b435bae7.jpg'),
('T202101110014', '2021-01-11 10:50:18', '2021-01-14 11:45:38', NULL, 'AJIPE', 9, 'PASANG CCTV DI RUMAH SUPAYA AMAN', 'BELUM ADA CCTV DIRUMAH', 'T0002', 4, 2, '50', 'AJIPERMANA/187704106a650a71913fb18144a73ed8.jpg'),
('T202101140015', '2021-01-14 11:32:07', NULL, NULL, 'AJIPE', 9, 'PASANG CCTV DI RUMAH SUPAYA AMAN', 'TDASDASDA', '', 1, 1, '0', ''),
('T202101140016', '2021-01-14 11:33:58', NULL, NULL, 'AJIPE', 9, 'AC MULAI TIDAK DINGIN', 'TES', '', 1, 1, '0', ''),
('T202101140017', '2021-01-14 11:35:51', '2021-01-14 11:36:59', '2021-01-14 11:37:42', 'AJIPERMANA', 8, 'AC MULAI TIDAK DINGIN', 'OK', 'T0001', 6, 1, '100', ''),
('T202101140018', '2021-01-14 15:23:53', NULL, NULL, 'K0001', 11, 'AC MULAI TIDAK DINGIN', 'GRSHGFSGFDBFSSJYTEYTJEYJTEJ', '', 2, 2, '0', 'K0001/61c8f2f4f0f9ace8dfb539e522be3304.png'),
('T202101140019', '2021-01-14 15:40:51', NULL, NULL, 'K0001', 13, 'AC MULAI TIDAK DINGIN', 'WWW', '', 2, 2, '0', ''),
('T202101140020', '2021-01-14 15:42:50', NULL, NULL, 'C0001', 9, 'PASANG CCTV DI RUMAH SUPAYA AMAN', 'DFFWEFFRRFR', '', 2, 3, '0', ''),
('T202101140021', '2021-01-14 16:10:52', '2021-01-14 16:15:19', NULL, 'AJI_', 8, 'AC MULAI TIDAK DINGIN', '242422323343', 'T0001', 4, 1, '50', 'AJI_/79b4ba12524e13c77ac0eab6cbc0f740.png'),
('T202101140022', '2021-01-14 16:20:25', NULL, NULL, 'AJI_', 14, 'KEYBOARD ERROR', 'KARENA MENYATU DENGAN KEYBOARD, TOMBOL ONN/OFF KACAU', 'T0003', 3, 3, '0', ''),
('T202101150023', '2021-01-15 15:53:06', '2021-01-15 15:55:51', '2021-01-15 15:57:13', '_AJI', 15, 'AC MULAI TIDAK DINGIN', '', 'T0001', 6, 1, '100', '_AJI/1bdd7c8286bbfe93caa7602baaf7635e.png'),
('T202101180024', '2021-01-18 14:01:30', '2021-01-18 14:35:41', '2021-01-18 14:38:25', 'AJIPERMANA', 9, 'PASANG CCTV DI RUMAH SUPAYA AMAN', 'PEMASANGAN CCTV DALAM RUMAH TANGGA', 'T0002', 6, 1, '100', ''),
('T202101180025', '2021-01-18 14:40:00', NULL, NULL, 'AJIPERMANA', 12, 'SERVICE', 'PELAYANAN', '', 3, 3, '0', ''),
('T202101180026', '2021-01-18 14:45:25', NULL, NULL, 'K0001', 9, 'PASANG CCTV DI RUMAH SUPAYA AMAN', 'TEST', '', 0, 1, '0', ''),
('T202101180027', '2021-01-18 14:51:00', NULL, NULL, 'AJIPERMANA', 14, 'KEYBOARD ERROR', 'TEST', '', 1, 1, '0', ''),
('T202101250028', '2021-01-25 16:03:17', NULL, NULL, 'AJIPERMANA', 15, 'AC MULAI TIDAK DINGIN', 'AC SUDAH LAMA DAN JADI TIDAK DINGIN LAGI', '', 2, 1, '0', 'AJIPERMANA/0e7e618a25c953a38e70dddaa0ead5c0.png'),
('T202101270029', '2021-01-27 10:51:55', '2021-01-27 10:53:27', NULL, 'TEST', 9, 'PEMASANGAN CCTV', 'PEMASANGAN CCTV UNTUK PAMAKAIN RUMAHAN DAN SEKITAR KOMPLEK', 'T0002', 4, 2, '25', 'TEST/3c6122f00cdf772fc4ad1c487e73f4a4.png');

-- --------------------------------------------------------

--
-- Struktur dari tabel `tracking`
--

CREATE TABLE `tracking` (
  `id_tracking` int(11) NOT NULL,
  `id_ticket` varchar(13) NOT NULL,
  `tanggal` datetime NOT NULL,
  `status` varchar(50) NOT NULL,
  `deskripsi` text NOT NULL,
  `id_user` varchar(5) NOT NULL,
  `attachment` varchar(255) DEFAULT NULL
) ENGINE=InnoDB DEFAULT CHARSET=latin1;

--
-- Dumping data untuk tabel `tracking`
--

INSERT INTO `tracking` (`id_tracking`, `id_ticket`, `tanggal`, `status`, `deskripsi`, `id_user`, `attachment`) VALUES
(1, 'T202007210001', '2020-07-21 22:58:21', 'Created Ticket', '', 'K0001', 'K0001/'),
(2, 'T202007210002', '2020-07-21 23:01:45', 'Created Ticket', '', 'K0001', 'K0001/'),
(3, 'T202007210003', '2020-07-21 23:03:30', 'Created Ticket', '', 'K0001', 'K0001/bdc0c813610b3befd9efcac2b3190cb2.png'),
(4, 'T202007210004', '2020-07-21 23:12:22', 'Created Ticket', '', 'SUPER', 'SUPERUSER/'),
(5, 'T202007210005', '2020-07-21 23:12:47', 'Created Ticket', '', 'K0001', 'K0001/'),
(6, 'T202007210001', '2020-07-21 23:50:06', 'Ticket disetujui', '', 'K0001', NULL),
(7, 'T202007210005', '2020-07-22 00:26:50', 'Ticket disetujui', '', 'K0001', NULL),
(8, 'T202007210002', '2020-07-22 00:26:51', 'Ticket tidak disetujui', '', 'K0001', NULL),
(9, 'T202007210002', '2020-07-22 00:26:52', 'Ticket dikembalikan ke posisi belum di setujui', '', 'K0001', NULL),
(10, 'T202007210002', '2020-07-22 00:26:53', 'Ticket disetujui', '', 'K0001', NULL),
(11, 'T202007210003', '2020-07-22 00:26:54', 'Ticket disetujui', '', 'K0001', NULL),
(12, 'T202007210004', '2020-07-22 00:26:55', 'Ticket disetujui', '', 'K0001', NULL),
(13, 'T202007210005', '2020-07-22 00:27:01', 'Pemilihan Teknisi', 'TICKET DIBERIKAN KEPADA TEKNISI', 'K0001', NULL),
(14, 'T202007210003', '2020-07-22 00:27:53', 'Pemilihan Teknisi', 'TICKET DIBERIKAN KEPADA TEKNISI', 'K0001', NULL),
(15, 'T202007210005', '2020-07-22 21:43:12', 'Diproses oleh teknisi', '', 'K0003', NULL),
(16, 'T202007210003', '2020-07-22 21:43:13', 'Diproses oleh teknisi', '', 'K0003', NULL),
(17, 'T202007210005', '2020-07-22 23:37:54', 'Up Progress To 50 %', 'TEST', 'K0003', ''),
(18, 'T202007210005', '2020-07-22 23:42:38', 'Up Progress To 50 %', '75', 'K0003', 'K0003/f3a2d26637108a87e5e76ee2a0dffd9c.png'),
(19, 'T202007210005', '2020-07-22 23:42:55', 'Up Progress To 50 %', '75', 'K0003', 'K0003/705a78ceac931876c6bdf7f39443b1bc.png'),
(20, 'T202007210005', '2020-07-22 23:46:31', 'Up Progress To 50 %', 'DSSDFFSDFSDFDS', 'K0003', ''),
(21, 'T202007210005', '2020-07-22 23:46:43', 'Up Progress To 75 %', '75', 'K0003', ''),
(22, 'T202007210005', '2020-07-22 23:47:09', 'Up Progress To 100 %', '100% SELESAI', 'K0003', 'K0003/a7b3b591799360d241bd68e8cc6d5ac3.png'),
(23, 'T202007210003', '2020-07-22 23:52:38', 'Up Progress To 50 %', 'TEST', 'K0003', ''),
(24, 'T202007230006', '2020-07-23 02:34:55', 'Created Ticket', '', 'K0001', ''),
(25, 'T202007230006', '2020-07-23 22:44:37', 'Ticket disetujui', '', 'K0001', NULL),
(26, 'T202007230006', '2020-07-23 22:44:44', 'Pemilihan Teknisi', 'TICKET DIBERIKAN KEPADA TEKNISI', 'K0001', NULL),
(27, 'T202007240007', '2020-07-24 14:45:34', 'Created Ticket', '', 'C0001', ''),
(28, 'T202007240008', '2020-07-24 14:49:10', 'Created Ticket', '', 'C0001', ''),
(29, 'T202007240009', '2020-07-24 14:51:03', 'Created Ticket', '', 'C0001', ''),
(30, 'T202007240010', '2020-07-24 14:57:31', 'Created Ticket', '', 'C0001', ''),
(31, 'T202007240009', '2020-11-27 14:21:20', 'Ticket disetujui', '', 'K0001', NULL),
(32, 'T202007240009', '2020-12-02 10:24:03', 'Pemilihan Teknisi', 'TICKET DIBERIKAN KEPADA TEKNISI', 'K0001', NULL),
(33, 'T202007210004', '2020-12-02 10:24:14', 'Pemilihan Teknisi', 'TICKET DIBERIKAN KEPADA TEKNISI', 'K0001', NULL),
(34, 'T202012020011', '2020-12-02 11:11:34', 'Created Ticket', '', 'K0001', ''),
(35, 'T202012020011', '2020-12-02 11:12:40', 'Ticket disetujui', '', 'K0001', NULL),
(36, 'T202012020011', '2020-12-02 11:14:13', 'Pemilihan Teknisi', 'TICKET DIBERIKAN KEPADA TEKNISI', 'K0001', NULL),
(37, 'T202007230006', '2020-12-02 11:14:31', 'Pending oleh teknisi', '', 'K0003', NULL),
(38, 'T202012020011', '2020-12-02 11:14:33', 'Diproses oleh teknisi', '', 'K0003', NULL),
(39, 'T202012020011', '2020-12-02 11:14:50', 'Up Progress To 50 %', 'KAMI KAN MELAKUKAN SURVEI, MOHON DITUNGGU', 'K0003', ''),
(40, 'T202012020012', '2020-12-02 14:42:10', 'Created Ticket', '', 'C0001', ''),
(41, 'T202101060013', '2021-01-06 15:02:36', 'Created Ticket', '', 'C0001', 'C0001/4d616ca69959eb229ab96085b435bae7.jpg'),
(42, 'T202101060013', '2021-01-06 15:03:37', 'Ticket disetujui', '', 'K0001', NULL),
(43, 'T202101060013', '2021-01-06 15:03:54', 'Pemilihan Teknisi', 'TICKET DIBERIKAN KEPADA TEKNISI', 'K0001', NULL),
(44, 'T202101060013', '2021-01-06 15:04:11', 'Diproses oleh teknisi', '', 'K0003', NULL),
(45, 'T202012020011', '2021-01-06 15:04:22', 'Up Progress To 100 %', 'SELESAI', 'K0003', ''),
(46, 'T202101060013', '2021-01-06 15:04:40', 'Up Progress To 75 %', 'SEDANG DI CUCI', 'K0003', ''),
(47, 'T202007240007', '2021-01-06 15:07:34', 'Ticket disetujui', '', 'K0001', NULL),
(48, 'T202007240008', '2021-01-06 15:07:35', 'Ticket disetujui', '', 'K0001', NULL),
(49, 'T202007240010', '2021-01-06 15:07:36', 'Ticket disetujui', '', 'K0001', NULL),
(50, 'T202012020012', '2021-01-06 15:07:37', 'Ticket disetujui', '', 'K0001', NULL),
(51, 'T202101110014', '2021-01-11 10:50:18', 'Created Ticket', '', 'AJIPE', 'AJIPERMANA/187704106a650a71913fb18144a73ed8.jpg'),
(52, 'T202101110014', '2021-01-11 10:50:56', 'Ticket disetujui', '', 'K0001', NULL),
(53, 'T202101110014', '2021-01-11 10:51:44', 'Pemilihan Teknisi', 'TICKET DIBERIKAN KEPADA TEKNISI', 'K0001', NULL),
(54, 'T202101140015', '2021-01-14 11:32:07', 'Created Ticket', '', 'AJIPE', ''),
(55, 'T202101140016', '2021-01-14 11:33:58', 'Created Ticket', '', 'AJIPE', ''),
(56, 'T202101140017', '2021-01-14 11:35:51', 'Created Ticket', '', 'AJIPE', ''),
(57, 'T202101140017', '2021-01-14 11:36:27', 'Ticket disetujui', '', 'K0001', NULL),
(58, 'T202101140017', '2021-01-14 11:36:37', 'Pemilihan Teknisi', 'TICKET DIBERIKAN KEPADA TEKNISI', 'K0001', NULL),
(59, 'T202101140017', '2021-01-14 11:36:59', 'Diproses oleh teknisi', '', 'K0003', NULL),
(60, 'T202101140017', '2021-01-14 11:37:22', 'Up Progress To 75 %', 'SUDAH PROSES PENCUCIAN', 'K0003', 'K0003/93707270e2941e33f447bee045739611.jpg'),
(61, 'T202101140017', '2021-01-14 11:37:42', 'Up Progress To 100 %', 'AC SUDAH SELESAI DI CUCI', 'K0003', 'K0003/d978a75536cf5249732311b0940e519a.jpg'),
(62, 'T202101110014', '2021-01-14 11:45:29', 'Pending oleh teknisi', '', 'K0003', NULL),
(63, 'T202007210004', '2021-01-14 11:45:32', 'Pending oleh teknisi', '', 'K0003', NULL),
(64, 'T202101110014', '2021-01-14 11:45:38', 'Diproses oleh teknisi', '', 'K0003', NULL),
(65, 'T202007230006', '2021-01-14 11:45:41', 'Diproses oleh teknisi', '', 'K0003', NULL),
(66, 'T202101140018', '2021-01-14 15:23:53', 'Created Ticket', '', 'K0001', 'K0001/61c8f2f4f0f9ace8dfb539e522be3304.png'),
(67, 'T202101140018', '2021-01-14 15:36:57', 'Ticket tidak disetujui', '', 'K0001', NULL),
(68, 'T202101140018', '2021-01-14 15:36:59', 'Ticket dikembalikan ke posisi belum di setujui', '', 'K0001', NULL),
(69, 'T202101140018', '2021-01-14 15:37:01', 'Ticket disetujui', '', 'K0001', NULL),
(70, 'T202101140019', '2021-01-14 15:40:51', 'Created Ticket', '', 'K0001', ''),
(71, 'T202101140020', '2021-01-14 15:42:50', 'Created Ticket', '', 'C0001', ''),
(72, 'T202101140019', '2021-01-14 15:43:23', 'Ticket disetujui', '', 'K0001', NULL),
(73, 'T202007210004', '2021-01-14 15:54:48', 'Diproses oleh teknisi', '', 'K0003', NULL),
(74, 'T202101110014', '2021-01-14 15:56:25', 'Up Progress To 50 %', 'AHJBFDHFGDH', 'K0003', 'K0003/00446c21fa50a943432e8958d3dc8fbd.png'),
(75, 'T202101140021', '2021-01-14 16:10:52', 'Created Ticket', '', 'AJI_', 'AJI_/79b4ba12524e13c77ac0eab6cbc0f740.png'),
(76, 'T202101140021', '2021-01-14 16:13:34', 'Ticket disetujui', '', 'K0001', NULL),
(77, 'T202101140021', '2021-01-14 16:14:57', 'Pemilihan Teknisi', 'TICKET DIBERIKAN KEPADA TEKNISI', 'K0001', NULL),
(78, 'T202101140021', '2021-01-14 16:15:19', 'Diproses oleh teknisi', '', 'K0003', NULL),
(79, 'T202101140021', '2021-01-14 16:16:34', 'Up Progress To 50 %', 'SUDAH MENAMBAHKAN COOLER TAMBAHAN', 'K0003', 'K0003/c3a2e7f672a2e5cdb12ee1f63b047502.png'),
(80, 'T202101140022', '2021-01-14 16:20:25', 'Created Ticket', '', 'AJI_', ''),
(81, 'T202101140022', '2021-01-14 16:22:34', 'Ticket disetujui', '', 'K0001', NULL),
(82, 'T202101140022', '2021-01-14 16:25:07', 'Pemilihan Teknisi', 'TICKET DIBERIKAN KEPADA TEKNISI', 'K0001', NULL),
(83, 'T202101140020', '2021-01-14 16:28:41', 'Ticket disetujui', '', 'K0001', NULL),
(84, 'T202101150023', '2021-01-15 15:53:06', 'Created Ticket', '', '_AJI', '_AJI/1bdd7c8286bbfe93caa7602baaf7635e.png'),
(85, 'T202101150023', '2021-01-15 15:55:06', 'Ticket disetujui', '', 'K0001', NULL),
(86, 'T202101150023', '2021-01-15 15:55:24', 'Pemilihan Teknisi', 'TICKET DIBERIKAN KEPADA TEKNISI', 'K0001', NULL),
(87, 'T202101150023', '2021-01-15 15:55:51', 'Diproses oleh teknisi', '', 'K0003', NULL),
(88, 'T202101150023', '2021-01-15 15:56:10', 'Up Progress To 50 %', 'SUDAH MULAI', 'K0003', ''),
(89, 'T202101150023', '2021-01-15 15:57:13', 'Up Progress To 100 %', 'SUDAH SELESAI', 'K0003', ''),
(90, 'T202101180024', '2021-01-18 14:01:30', 'Created Ticket', '', 'AJIPE', ''),
(91, 'T202101180024', '2021-01-18 14:34:43', 'Ticket disetujui', '', 'K0001', NULL),
(92, 'T202101180024', '2021-01-18 14:34:58', 'Pemilihan Teknisi', 'TICKET DIBERIKAN KEPADA TEKNISI', 'K0001', NULL),
(93, 'T202101180024', '2021-01-18 14:35:41', 'Diproses oleh teknisi', '', 'K0003', NULL),
(94, 'T202101180024', '2021-01-18 14:36:42', 'Up Progress To 25 %', 'TAHAP AWAL PEMASANGAN', 'K0003', ''),
(95, 'T202101180024', '2021-01-18 14:36:45', 'Up Progress To 25 %', 'TAHAP AWAL PEMASANGAN', 'K0003', ''),
(96, 'T202101180024', '2021-01-18 14:37:53', 'Up Progress To 75 %', 'FINISHING', 'K0003', ''),
(97, 'T202101180024', '2021-01-18 14:38:23', 'Up Progress To 100 %', 'SELESAI MEMASANG JARINGAN', 'K0003', ''),
(98, 'T202101180024', '2021-01-18 14:38:25', 'Up Progress To 100 %', 'SELESAI MEMASANG JARINGAN', 'K0003', ''),
(99, 'T202101180025', '2021-01-18 14:40:00', 'Created Ticket', '', 'AJIPE', ''),
(100, 'T202101180025', '2021-01-18 14:41:34', 'Ticket disetujui', '', 'K0001', NULL),
(101, 'T202101180025', '2021-01-18 14:44:50', 'Pemilihan Teknisi', 'TICKET DIBERIKAN KEPADA TEKNISI', 'K0001', NULL),
(102, 'T202101180026', '2021-01-18 14:45:25', 'Created Ticket', '', 'K0001', ''),
(103, 'T202101180026', '2021-01-18 14:47:39', 'Ticket tidak disetujui', '', 'K0001', NULL),
(104, 'T202101180027', '2021-01-18 14:51:00', 'Created Ticket', '', 'AJIPE', ''),
(105, 'T202101250028', '2021-01-25 16:03:17', 'Created Ticket', '', 'AJIPE', 'AJIPERMANA/0e7e618a25c953a38e70dddaa0ead5c0.png'),
(106, 'T202101250028', '2021-01-25 16:03:46', 'Ticket disetujui', '', 'K0001', NULL),
(107, 'T202101270029', '2021-01-27 10:51:55', 'Created Ticket', '', 'TEST', 'TEST/3c6122f00cdf772fc4ad1c487e73f4a4.png'),
(108, 'T202101270029', '2021-01-27 10:52:44', 'Ticket disetujui', '', 'K0001', NULL),
(109, 'T202101270029', '2021-01-27 10:53:05', 'Pemilihan Teknisi', 'TICKET DIBERIKAN KEPADA TEKNISI', 'K0001', NULL),
(110, 'T202101270029', '2021-01-27 10:53:27', 'Diproses oleh teknisi', '', 'K0003', NULL),
(111, 'T202101270029', '2021-01-27 10:54:19', 'Up Progress To 25 %', 'MEMULAI PROSES INSTALASI', 'K0003', 'K0003/eb86799e078908ba22055146b361df02.png');

-- --------------------------------------------------------

--
-- Struktur dari tabel `upload`
--

CREATE TABLE `upload` (
  `id` int(11) NOT NULL,
  `nama` varchar(100) NOT NULL,
  `ukuran` int(11) NOT NULL,
  `tipe` varchar(20) NOT NULL
) ENGINE=InnoDB DEFAULT CHARSET=latin1;

-- --------------------------------------------------------

--
-- Struktur dari tabel `user`
--

CREATE TABLE `user` (
  `id_user` bigint(1) NOT NULL,
  `username` varchar(10) NOT NULL,
  `email` varchar(50) NOT NULL,
  `no_telp` varchar(15) NOT NULL,
  `password` varchar(75) NOT NULL,
  `level` varchar(10) NOT NULL
) ENGINE=InnoDB DEFAULT CHARSET=latin1;

--
-- Dumping data untuk tabel `user`
--

INSERT INTO `user` (`id_user`, `username`, `email`, `no_telp`, `password`, `level`) VALUES
(1, 'SUPERUSER', 'SUPERUSER@gmail.com', '0813726478', '19c76bd2e8b5ee2e14ea14c113ce4751', 'SUPERUSER'),
(18, 'K0003', 'test@gmail.com', '', '5cf7968a11ef2d279597230cf8a5fbaf', 'TEKNISI'),
(2147483647, 'AJIPERMANA', 'ajisajalah1407@gmail.com', '08099878070', '202cb962ac59075b964b07152d234b70', 'USER'),
(2147483648, 'C0003', 'ajisajalah1407@gmail.com', '', 'ab6d5889d2734d1cd852fd3bb21a7d64', 'USER'),
(20210127105029, 'K0004', 'ajisajalah1407@gmail.com', '', 'c1bb2ffbf0cca192ce7a516772ac3a05', 'ADMIN'),
(20210127105031, 'K0005', 'K0005', '', '0b5dd0e18d26c516872118d842c3282c', 'ADMIN'),
(20210127105033, 'ADMIN', 'admin@admin.com', '0813726478', '73acd9a5972130b75066c82595a1fae3', 'ADMIN'),
(20210127105034, 'K0006', 'fitri@gmail.com', '', 'f018feecc8a57427968f547a8be212eb', 'TEKNISI'),
(20210127105035, 'C0004', 'anis@gmail.com', '', '1a7548388e7743b7d191fa81ac9fec1b', 'USER'),
(20210127105036, 'K0007', 'kum@gmail.com', '', '7dcd1526c18e51df2441d940f5cde2cd', 'TEKNISI'),
(20210127105049, 'K0009', 'ajisajalah1407@gmail.com', '', 'd41d8cd98f00b204e9800998ecf8427e', 'ADMIN'),
(20210127105052, 'SUPERVISOR', 'VISOR@GMAIL.COM', '', 'dc9071ae2bcaecc34b97a3510b36e35d', 'SUPERUSER'),
(20210127105055, 'K0010', 'faj@gmail.com', '', '0da23cfbf334ac34dc894902b06d4026', 'ADMIN'),
(20210127105059, 'T0008', 'faj@gmail.com', '', '00f2cbc6207266acc35f51cc0993d46c', 'TEKNISI'),
(20210127105060, 'K0011', 'pr@gmail.com', '', '43f678b2fe877ed45e9bd32a3b1630b7', 'ADMIN'),
(20210127105061, '', '', '', '153a6456defe4f165870107da8a797ab', 'ADMIN'),
(20210127105065, 'BAYU', 'AJISAJALAH1407@GMAIL.COM', '', 'b9be5a2f0838aa0206129540a9e9b8a3', 'USER');

--
-- Trigger `user`
--
DELIMITER $$
CREATE TRIGGER `DELETE USER` BEFORE DELETE ON `user` FOR EACH ROW INSERT INTO `log` (`id_log`, `keterangan`, `id_user`, `tanggal`) VALUES (NULL, 'DATA USER TELAH DI HAPUS', OLD.username, now())
$$
DELIMITER ;
DELIMITER $$
CREATE TRIGGER `UPDATE USER` AFTER UPDATE ON `user` FOR EACH ROW INSERT INTO `log` (`id_log`, `keterangan`, `id_user`, `tanggal`) VALUES (NULL, 'DATA USER TELAH DI UPDATE', OLD.id_user, now())
$$
DELIMITER ;

--
-- Indexes for dumped tables
--

--
-- Indeks untuk tabel `bagian_departemen`
--
ALTER TABLE `bagian_departemen`
  ADD PRIMARY KEY (`id_bagian_dept`);

--
-- Indeks untuk tabel `departemen`
--
ALTER TABLE `departemen`
  ADD PRIMARY KEY (`id_dept`);

--
-- Indeks untuk tabel `history_feedback`
--
ALTER TABLE `history_feedback`
  ADD PRIMARY KEY (`id_feedback`);

--
-- Indeks untuk tabel `informasi`
--
ALTER TABLE `informasi`
  ADD PRIMARY KEY (`id_informasi`);

--
-- Indeks untuk tabel `institusi`
--
ALTER TABLE `institusi`
  ADD PRIMARY KEY (`id_institusi`);

--
-- Indeks untuk tabel `jabatan`
--
ALTER TABLE `jabatan`
  ADD PRIMARY KEY (`id_jabatan`);

--
-- Indeks untuk tabel `karyawan`
--
ALTER TABLE `karyawan`
  ADD PRIMARY KEY (`id_karyawan`),
  ADD KEY `id_karyawan` (`id_karyawan`);

--
-- Indeks untuk tabel `kategori`
--
ALTER TABLE `kategori`
  ADD PRIMARY KEY (`id_kategori`);

--
-- Indeks untuk tabel `kondisi`
--
ALTER TABLE `kondisi`
  ADD PRIMARY KEY (`id_kondisi`);

--
-- Indeks untuk tabel `log`
--
ALTER TABLE `log`
  ADD PRIMARY KEY (`id_log`);

--
-- Indeks untuk tabel `sub_kategori`
--
ALTER TABLE `sub_kategori`
  ADD PRIMARY KEY (`id_sub_kategori`);

--
-- Indeks untuk tabel `teknisi`
--
ALTER TABLE `teknisi`
  ADD PRIMARY KEY (`id_teknisi`);

--
-- Indeks untuk tabel `ticket`
--
ALTER TABLE `ticket`
  ADD PRIMARY KEY (`id_ticket`);

--
-- Indeks untuk tabel `tracking`
--
ALTER TABLE `tracking`
  ADD PRIMARY KEY (`id_tracking`);

--
-- Indeks untuk tabel `upload`
--
ALTER TABLE `upload`
  ADD PRIMARY KEY (`id`);

--
-- Indeks untuk tabel `user`
--
ALTER TABLE `user`
  ADD PRIMARY KEY (`id_user`);

--
-- AUTO_INCREMENT untuk tabel yang dibuang
--

--
-- AUTO_INCREMENT untuk tabel `bagian_departemen`
--
ALTER TABLE `bagian_departemen`
  MODIFY `id_bagian_dept` int(11) NOT NULL AUTO_INCREMENT, AUTO_INCREMENT=6;

--
-- AUTO_INCREMENT untuk tabel `departemen`
--
ALTER TABLE `departemen`
  MODIFY `id_dept` int(11) NOT NULL AUTO_INCREMENT, AUTO_INCREMENT=13;

--
-- AUTO_INCREMENT untuk tabel `history_feedback`
--
ALTER TABLE `history_feedback`
  MODIFY `id_feedback` int(11) NOT NULL AUTO_INCREMENT, AUTO_INCREMENT=6;

--
-- AUTO_INCREMENT untuk tabel `informasi`
--
ALTER TABLE `informasi`
  MODIFY `id_informasi` int(11) NOT NULL AUTO_INCREMENT, AUTO_INCREMENT=13;

--
-- AUTO_INCREMENT untuk tabel `institusi`
--
ALTER TABLE `institusi`
  MODIFY `id_institusi` bigint(1) NOT NULL AUTO_INCREMENT, AUTO_INCREMENT=3;

--
-- AUTO_INCREMENT untuk tabel `jabatan`
--
ALTER TABLE `jabatan`
  MODIFY `id_jabatan` int(11) NOT NULL AUTO_INCREMENT, AUTO_INCREMENT=102;

--
-- AUTO_INCREMENT untuk tabel `karyawan`
--
ALTER TABLE `karyawan`
  MODIFY `id_karyawan` bigint(1) NOT NULL AUTO_INCREMENT, AUTO_INCREMENT=20210127105053;

--
-- AUTO_INCREMENT untuk tabel `kategori`
--
ALTER TABLE `kategori`
  MODIFY `id_kategori` int(11) NOT NULL AUTO_INCREMENT, AUTO_INCREMENT=23;

--
-- AUTO_INCREMENT untuk tabel `kondisi`
--
ALTER TABLE `kondisi`
  MODIFY `id_kondisi` int(11) NOT NULL AUTO_INCREMENT, AUTO_INCREMENT=5;

--
-- AUTO_INCREMENT untuk tabel `log`
--
ALTER TABLE `log`
  MODIFY `id_log` bigint(1) NOT NULL AUTO_INCREMENT, AUTO_INCREMENT=200;

--
-- AUTO_INCREMENT untuk tabel `sub_kategori`
--
ALTER TABLE `sub_kategori`
  MODIFY `id_sub_kategori` int(11) NOT NULL AUTO_INCREMENT, AUTO_INCREMENT=17;

--
-- AUTO_INCREMENT untuk tabel `tracking`
--
ALTER TABLE `tracking`
  MODIFY `id_tracking` int(11) NOT NULL AUTO_INCREMENT, AUTO_INCREMENT=112;

--
-- AUTO_INCREMENT untuk tabel `upload`
--
ALTER TABLE `upload`
  MODIFY `id` int(11) NOT NULL AUTO_INCREMENT;

--
-- AUTO_INCREMENT untuk tabel `user`
--
ALTER TABLE `user`
  MODIFY `id_user` bigint(1) NOT NULL AUTO_INCREMENT, AUTO_INCREMENT=20210127105066;
COMMIT;

/*!40101 SET CHARACTER_SET_CLIENT=@OLD_CHARACTER_SET_CLIENT */;
/*!40101 SET CHARACTER_SET_RESULTS=@OLD_CHARACTER_SET_RESULTS */;
/*!40101 SET COLLATION_CONNECTION=@OLD_COLLATION_CONNECTION */;
